[{"sr_no":"1","name":"Honda Brio","model":"Sep 2017","desc":"XXXXXXXXXXXX XXXXXXXXXXXXXXX XXXXX XXXXXXXXX XXXXXXXXX XXXXX","price":1000000,"car_image":"images/cars/Honda_Brio.jpg"},
{"sr_no":"2","price":1000000,"name":"Maruti Baleno","model":"Auguest 2017","desc":"XXXXXXXXXXXX XXXXXXXXXXXXXXX XXXXX XXXXXXXXX XXXXXXXXX XXXXX","car_image":"images/cars/Honda_Brio.jpg"},
{"sr_no":"3","name":"Maruti Ertiga","model":"2016","desc":"XXXXXXXXXXXX XXXXXXXXXXXXXXX XXXXX XXXXXXXXX XXXXXXXXX XXXXX","price":1000000,"car_image":"images/cars/Honda_Brio.jpg"},
{"sr_no":"4","price":1000000,"name":"Mahindra KUV100","model":"2017","desc":"XXXXX","car_image":"images/cars/Honda_Brio.jpg"},
{"sr_no":"5","name":"Honda Amaze","model":"2017","desc":"XXXXXXXXXXXX XXXXXXXXXXXXXXX XXXXX XXXXXXXXX XXXXXXXXX XXXXX","price":1000000,"car_image":"images/cars/Honda_Brio.jpg"},
{"sr_no":"6","price":1000000,"name":"Mahindra Verito Vibe","model":"2017","desc":"XXXXX","car_image":"images/cars/Honda_Brio.jpg"},
{"sr_no":"7","name":"Tata Nexon","model":"2017","desc":"XXXXXXXXXXXX XXXXXXXXXXXXXXX XXXXX XXXXXXXXX XXXXXXXXX XXXXX","price":1000000,"car_image":"images/cars/Honda_Brio.jpg"},
{"sr_no":"8","price":1000000,"name":"Skoda Kodiaq","model":"2017","desc":"XXXXX","car_image":"images/cars/Honda_Brio.jpg"},
{"sr_no":"9","name":"Renault Captur","model":"2017","desc":"XXXXXXXXXXXX XXXXXXXXXXXXXXX XXXXX XXXXXXXXX XXXXXXXXX XXXXX","price":1000000,"car_image":"images/cars/Honda_Brio.jpg"},
{"sr_no":"10","price":1000000,"name":"Audi SQ7","model":"2017","desc":"XXXXX","car_image":"images/cars/Honda_Brio.jpg"},
{"sr_no":"11","name":"New Nissan X-Trail","model":"2017","desc":"XXXXXXXXXXXX XXXXXXXXXXXXXXX XXXXX XXXXXXXXX XXXXXXXXX XXXXX","price":1000000,"car_image":"images/cars/Honda_Brio.jpg"},
{"sr_no":"12","price":1000000,"name":"Maruti Suzuki Jimny","model":"2017","desc":"XXXXX","car_image":"images/cars/Honda_Brio.jpg"},
{"sr_no":"13","name":"New Ford Mondeo","model":"2017","desc":"XXXXX","price":1000000,"car_image":"images/cars/Honda_Brio.jpg"},
{"sr_no":"14","price":1000000,"name":"Volkswagen Passat GTE","model":"2017","desc":"XXXXX","car_image":"images/cars/Honda_Brio.jpg"},
{"sr_no":"15","name":"Maruti Suzuki Vitara","model":"2017","desc":"XXXXX","price":1000000,"car_image":"images/cars/Honda_Brio.jpg"},
{"sr_no":"16","price":1000000,"name":"Honda Amaze","model":"2017","desc":"XXXXX","car_image":"images/cars/Honda_Brio.jpg"},
{"sr_no":"17","name":"Mahindra Verito Vibe","model":"2017","desc":"XXXXX","price":1000000,"car_image":"images/cars/Honda_Brio.jpg"},
{"sr_no":"18","price":1000000,"name":"Tata Nexon","model":"2017","desc":"XXXXX","car_image":"images/cars/Honda_Brio.jpg"},
{"sr_no":"19","name":"Skoda Kodiaq","model":"2017","desc":"XXXXX","price":1000000,"car_image":"images/cars/Honda_Brio.jpg"},
{"sr_no":"20","price":1000000,"name":"Renault Captur","model":"2017","desc":"XXXXX","car_image":"images/cars/Honda_Brio.jpg"},
{"sr_no":"21","name":"Audi SQ7","model":"2017","desc":"XXXXX","price":1000000,"car_image":"images/cars/Honda_Brio.jpg"},
{"sr_no":"22","price":1000000,"name":"New Nissan X-Trail","model":"2017","desc":"XXXXX","car_image":"images/cars/Honda_Brio.jpg"},
{"sr_no":"23","name":"Maruti Suzuki Jimny","model":"2017","desc":"XXXXX","price":1000000,"car_image":"images/cars/Honda_Brio.jpg"},
{"sr_no":"24","price":1000000,"name":"New Ford Mondeo","model":"2017","desc":"XXXXX","car_image":"images/cars/Honda_Brio.jpg"}]